{
    "folders": [
        {
            "name": "data",
            "files": [
                {
                    "name": "data.js",
                    "content": "var data = {__componentName__: {}}"
                }
            ]
        }
    ],

    "files": [
        {
            "name": "__componentName__.__templateExtension__",
            "content": "<div class=\"__componentName__\"></div>"
        }, {
            "name": "__componentName__.__cssExtension__",
            "content": ".__componentName__ {}"
        }, {
            "name": "__componentName__.js",
            "content": ""
        }
    ]
}
